fcb2b2f135d076363cd5e7a59d4825478d14a58d091c2d3e6b8b61576b8c243f,03ac674216f3e15c761ee1a5e255f067953623c8b388b4459e13f978d7c846f4
ddab35b221dfb90f3f733dfb80db726d9c1bc6c8f4a6e3939e7264bab948ac9b,6a95bbab63d587b596398c4bd7e91a132f24032d2007d107e5ea71967724b092
93aaa204f6a7bc26cb0d48e273fafa31495a371e151f806b82c683a6de232b76,9579fed16c7fe67317137248cbe188561e50159a2c028a9bcd3bf7555d8bbd3c
4e11d13067455af0f6abc7bd3468352ef3b0873bbea8152b3d8226811a636c25,6c64a67b2888aa39f4114ddfa2843a2ee21c13419f99609aefcfbe4dabf2cf19
f00d69758c6334f50e94fbaf16773a0a7f8c4bd89dbf9ba28ab5816a8d73542a,022c90883c3960fa340348aa0d1deac5ba3b206387697ed6b01736055c867e80
835147d1ba0bd7851cee71f694679642c1e48207d0fb4cf5c9951f96d788b963,9dc6abc967dad3e2d115d25bdcb5b998f06ebda87c5f784800698d7cc1b2273d
ae7c8605c15ec0d79317a1354d81ee7cac9e6e00e54b5e26d19733a80b4a1e04,f2522439c875130836e1d1c2552ac4df42905c672ffd0e70e7b17047f09757cc
5687f70dd0995df8a019693ec7c1e64840b333238013e671fa2efbdc140e6abf,7bb674da8d83afb8d1d44090960b9c1a721d086f2759ac83917f298ded66c498
8d969eef6ecad3c29a3a629280e686cf0c3f5d5a86aff3ca12020c923adc6c92,03ac674216f3e15c761ee1a5e255f067953623c8b388b4459e13f978d7c846f4
937377f056160fc4b15e0b770c67136a5f03c15205b4d3bf918268fefa2c6d0a,888df25ae35772424a560c7152a1de794440e0ea5cfee62828333a456a506e05
4ffe7caeb97ff64c00ffedcf8fc83bb5d965561ff97c46a6f918721e9e16aa3e,6aac0cf87a32e631536122c3f2f9a2df215f56f28792a43a8658b0593f2e5255
